[
    {
        "id": "7723822b2cf1bb0c",
        "type": "tab",
        "label": "MQTT InfluxDB",
        "disabled": false,
        "info": "",
        "env": []
    },
    {
        "id": "5a996842852d50ab",
        "type": "mqtt in",
        "z": "7723822b2cf1bb0c",
        "name": "",
        "topic": "iot/temperature",
        "qos": "2",
        "datatype": "auto-detect",
        "broker": "446a4c82.0cbac4",
        "nl": false,
        "rap": false,
        "inputs": 0,
        "x": 120,
        "y": 280,
        "wires": [
            [
                "a88bd7306d1bb076",
                "35bbc56751b5581b",
                "a25cc75a510ac935"
            ]
        ]
    },
    {
        "id": "371b9b88f814bcac",
        "type": "influxdb out",
        "z": "7723822b2cf1bb0c",
        "influxdb": "2e1c7a47de30db13",
        "name": "",
        "measurement": "temperature",
        "precision": "",
        "retentionPolicy": "",
        "database": "database",
        "precisionV18FluxV20": "s",
        "retentionPolicyV18Flux": "",
        "org": "fhnw",
        "bucket": "iot",
        "x": 830,
        "y": 440,
        "wires": []
    },
    {
        "id": "a88bd7306d1bb076",
        "type": "debug",
        "z": "7723822b2cf1bb0c",
        "name": "",
        "active": false,
        "tosidebar": true,
        "console": false,
        "tostatus": false,
        "complete": "payload",
        "targetType": "msg",
        "statusVal": "",
        "statusType": "auto",
        "x": 370,
        "y": 240,
        "wires": []
    },
    {
        "id": "35bbc56751b5581b",
        "type": "change",
        "z": "7723822b2cf1bb0c",
        "name": "",
        "rules": [
            {
                "t": "set",
                "p": "fields.temperature",
                "pt": "msg",
                "to": "payload",
                "tot": "msg"
            },
            {
                "t": "set",
                "p": "tags.sensor",
                "pt": "msg",
                "to": "BME688",
                "tot": "str"
            },
            {
                "t": "set",
                "p": "tags.device",
                "pt": "msg",
                "to": "RPI_01",
                "tot": "str"
            },
            {
                "t": "set",
                "p": "payload",
                "pt": "msg",
                "to": "$append(fields,tags)",
                "tot": "jsonata"
            }
        ],
        "action": "",
        "property": "",
        "from": "",
        "to": "",
        "reg": false,
        "x": 390,
        "y": 300,
        "wires": [
            [
                "310d3e9580f6f1be"
            ]
        ]
    },
    {
        "id": "310d3e9580f6f1be",
        "type": "debug",
        "z": "7723822b2cf1bb0c",
        "name": "",
        "active": false,
        "tosidebar": true,
        "console": false,
        "tostatus": false,
        "complete": "payload",
        "targetType": "msg",
        "statusVal": "",
        "statusType": "auto",
        "x": 570,
        "y": 300,
        "wires": []
    },
    {
        "id": "a25cc75a510ac935",
        "type": "function",
        "z": "7723822b2cf1bb0c",
        "name": "function",
        "func": "msg.payload = [{ \n    temperature:msg.payload       \n    },{ \n    device:\"RPI_01\", \n    sensor:\"BME688\" \n    }]; \nmsg.measurement=\"temperature\";  \nreturn msg;",
        "outputs": 1,
        "timeout": 0,
        "noerr": 0,
        "initialize": "",
        "finalize": "",
        "libs": [],
        "x": 360,
        "y": 360,
        "wires": [
            [
                "9e84e2c324bdcc7c",
                "371b9b88f814bcac"
            ]
        ]
    },
    {
        "id": "9e84e2c324bdcc7c",
        "type": "debug",
        "z": "7723822b2cf1bb0c",
        "name": "",
        "active": true,
        "tosidebar": true,
        "console": false,
        "tostatus": false,
        "complete": "payload",
        "targetType": "msg",
        "statusVal": "",
        "statusType": "auto",
        "x": 570,
        "y": 360,
        "wires": []
    },
    {
        "id": "c7a6c88245596743",
        "type": "comment",
        "z": "7723822b2cf1bb0c",
        "name": "MQTT Subscriber Temperatur",
        "info": "Abonniert definierte Topics im \nMQTT Broker auf dem Raspberry Pi",
        "x": 160,
        "y": 180,
        "wires": []
    },
    {
        "id": "75514e7699a9ead3",
        "type": "comment",
        "z": "7723822b2cf1bb0c",
        "name": "Import in die InfluxDB",
        "info": "Importiert die Daten in die\nlokale InfluxDB auf dem Raspberry Pi\n\nDie Konfiguration benötigt das \nInfluxDB API, welches bei der Installation\nvon InfluxDB genau 1x angezeigt wird!",
        "x": 780,
        "y": 400,
        "wires": []
    },
    {
        "id": "b2dcf5b32e25aa54",
        "type": "comment",
        "z": "7723822b2cf1bb0c",
        "name": "Benötigt einen aktiven MQTT Broker und einen aktiven Publisher",
        "info": "Ein aktiver Publisher wäre in dieser Übung \ndas Python Skript, welches im ersten Teil\nder Übung für die Übertragung an den MQTT \nBroker genutzt wurde.",
        "x": 270,
        "y": 120,
        "wires": [],
        "icon": "node-red/alert.svg"
    },
    {
        "id": "446a4c82.0cbac4",
        "type": "mqtt-broker",
        "name": "",
        "broker": "127.0.0.1",
        "port": "1883",
        "clientid": "",
        "autoConnect": true,
        "usetls": false,
        "protocolVersion": "4",
        "keepalive": "60",
        "cleansession": true,
        "autoUnsubscribe": true,
        "birthTopic": "",
        "birthQos": "0",
        "birthPayload": "",
        "birthMsg": {},
        "closeTopic": "",
        "closeQos": "0",
        "closePayload": "",
        "closeMsg": {},
        "willTopic": "",
        "willQos": "0",
        "willPayload": "",
        "willMsg": {},
        "userProps": "",
        "sessionExpiry": ""
    },
    {
        "id": "2e1c7a47de30db13",
        "type": "influxdb",
        "hostname": "127.0.0.1",
        "port": "8086",
        "protocol": "http",
        "database": "iot",
        "name": "http://localhost:8086",
        "usetls": false,
        "tls": "",
        "influxdbVersion": "2.0",
        "url": "http://localhost:8086",
        "timeout": "",
        "rejectUnauthorized": true
    }
]