[
    {
        "id": "d74bfa62be04a159",
        "type": "tab",
        "label": "MQTT",
        "disabled": false,
        "info": "Verbindungstest mit lokalem MQTT Broker in Node-Red",
        "env": []
    },
    {
        "id": "d3d742193e407210",
        "type": "inject",
        "z": "d74bfa62be04a159",
        "name": "",
        "props": [
            {
                "p": "payload"
            },
            {
                "p": "topic",
                "vt": "str"
            }
        ],
        "repeat": "",
        "crontab": "",
        "once": false,
        "onceDelay": 0.1,
        "topic": "iot/temperature",
        "payload": "23.5",
        "payloadType": "num",
        "x": 130,
        "y": 240,
        "wires": [
            [
                "55984caebf23efd6",
                "a3d9ed2c41f68f15"
            ]
        ]
    },
    {
        "id": "55984caebf23efd6",
        "type": "mqtt out",
        "z": "d74bfa62be04a159",
        "name": "MQTT iot/temperature",
        "topic": "iot/temperature",
        "qos": "2",
        "retain": "",
        "respTopic": "",
        "contentType": "",
        "userProps": "",
        "correl": "",
        "expiry": "",
        "broker": "3a58089b444c1d0e",
        "x": 380,
        "y": 240,
        "wires": []
    },
    {
        "id": "7f1751323cfaba1a",
        "type": "mqtt in",
        "z": "d74bfa62be04a159",
        "name": "iot/temperature",
        "topic": "iot/temperature",
        "qos": "2",
        "datatype": "auto-detect",
        "broker": "3a58089b444c1d0e",
        "nl": false,
        "rap": true,
        "rh": 0,
        "inputs": 0,
        "x": 640,
        "y": 240,
        "wires": [
            [
                "5aaa98f1e60d950c"
            ]
        ]
    },
    {
        "id": "5aaa98f1e60d950c",
        "type": "debug",
        "z": "d74bfa62be04a159",
        "name": "",
        "active": true,
        "tosidebar": true,
        "console": false,
        "tostatus": false,
        "complete": "payload",
        "targetType": "msg",
        "statusVal": "",
        "statusType": "auto",
        "x": 830,
        "y": 240,
        "wires": []
    },
    {
        "id": "936924bdbd86f6a3",
        "type": "comment",
        "z": "d74bfa62be04a159",
        "name": "MQTT Subscriber",
        "info": "Abonniert definierte Topics im \nMQTT Broker auf dem Raspberry Pi",
        "x": 640,
        "y": 200,
        "wires": []
    },
    {
        "id": "ac2f5268c6f5d89e",
        "type": "comment",
        "z": "d74bfa62be04a159",
        "name": "MQTT Publisher",
        "info": "Publizieren einer definierten Topic auf  \ndem MQTT Broker des Raspberry Pi",
        "x": 100,
        "y": 200,
        "wires": []
    },
    {
        "id": "a3d9ed2c41f68f15",
        "type": "debug",
        "z": "d74bfa62be04a159",
        "name": "",
        "active": true,
        "tosidebar": true,
        "console": false,
        "tostatus": false,
        "complete": "payload",
        "targetType": "msg",
        "statusVal": "",
        "statusType": "auto",
        "x": 350,
        "y": 300,
        "wires": []
    },
    {
        "id": "d080ed628a0ed49a",
        "type": "comment",
        "z": "d74bfa62be04a159",
        "name": "Benötigt einen aktiven MQTT Broker",
        "info": "",
        "x": 160,
        "y": 120,
        "wires": [],
        "icon": "node-red/alert.svg"
    },
    {
        "id": "dffad654e3883680",
        "type": "mqtt in",
        "z": "d74bfa62be04a159",
        "name": "iot/humidity",
        "topic": "iot/humidity",
        "qos": "2",
        "datatype": "auto-detect",
        "broker": "3a58089b444c1d0e",
        "nl": false,
        "rap": true,
        "rh": 0,
        "inputs": 0,
        "x": 630,
        "y": 300,
        "wires": [
            [
                "d364ae42562ffae0"
            ]
        ]
    },
    {
        "id": "d364ae42562ffae0",
        "type": "debug",
        "z": "d74bfa62be04a159",
        "name": "",
        "active": true,
        "tosidebar": true,
        "console": false,
        "tostatus": false,
        "complete": "payload",
        "targetType": "msg",
        "statusVal": "",
        "statusType": "auto",
        "x": 830,
        "y": 300,
        "wires": []
    },
    {
        "id": "e4f16d08338e12a8",
        "type": "debug",
        "z": "d74bfa62be04a159",
        "name": "",
        "active": true,
        "tosidebar": true,
        "console": false,
        "tostatus": false,
        "complete": "payload",
        "targetType": "msg",
        "statusVal": "",
        "statusType": "auto",
        "x": 830,
        "y": 360,
        "wires": []
    },
    {
        "id": "1fc69ca43b91d999",
        "type": "mqtt in",
        "z": "d74bfa62be04a159",
        "name": "iot/pressure",
        "topic": "iot/pressure",
        "qos": "2",
        "datatype": "auto-detect",
        "broker": "3a58089b444c1d0e",
        "nl": false,
        "rap": true,
        "rh": 0,
        "inputs": 0,
        "x": 630,
        "y": 360,
        "wires": [
            [
                "e4f16d08338e12a8"
            ]
        ]
    },
    {
        "id": "3a58089b444c1d0e",
        "type": "mqtt-broker",
        "name": "",
        "broker": "127.0.0.1",
        "port": "1883",
        "clientid": "",
        "autoConnect": true,
        "usetls": false,
        "protocolVersion": "4",
        "keepalive": "60",
        "cleansession": true,
        "autoUnsubscribe": true,
        "birthTopic": "",
        "birthQos": "0",
        "birthRetain": "false",
        "birthPayload": "",
        "birthMsg": {},
        "closeTopic": "",
        "closeQos": "0",
        "closeRetain": "false",
        "closePayload": "",
        "closeMsg": {},
        "willTopic": "",
        "willQos": "0",
        "willRetain": "false",
        "willPayload": "",
        "willMsg": {},
        "userProps": "",
        "sessionExpiry": ""
    }
]